,BT084,COSMIC ID
cosmic_907170,0.013518189684846787,907170
cosmic_753589,0.008828609458493578,753589
cosmic_688022,-0.001260270092736717,688022
cosmic_753582,-0.011485732357310192,753582
cosmic_753594,-0.014331544598622374,753594
cosmic_688006,-0.01554016085861552,688006
cosmic_687804,-0.015732866491798784,687804
cosmic_908483,-0.02399107229019481,908483
cosmic_713899,-0.027118712459457787,713899
cosmic_908135,-0.035457074942142536,908135
cosmic_688031,-0.03749032195231662,688031
cosmic_910941,-0.0471853248863348,910941
cosmic_688027,-0.05012707153013701,688027
cosmic_949173,-0.05018502745600877,949173
cosmic_713878,-0.053641847324413724,713878
cosmic_687997,-0.058183447014053175,687997
cosmic_753547,-0.05917573360572654,753547
cosmic_1322213,-0.05949578881451202,1322213
cosmic_688023,-0.06340998105580825,688023
cosmic_910937,-0.06429416743432281,910937
cosmic_713885,-0.06430910538354194,713885
cosmic_753588,-0.06572060738686278,753588
cosmic_688014,-0.07640058779754222,688014
cosmic_949175,-0.0793748066640733,949175
cosmic_687985,-0.08072693192599942,687985
cosmic_910780,-0.08164274450501437,910780
cosmic_1240193,-0.08407534703447295,1240193
cosmic_688001,-0.08655559728125267,688001
cosmic_688013,-0.08954926550517836,688013
cosmic_688018,-0.09220279080887624,688018
cosmic_1297438,-0.09712300578064327,1297438
cosmic_687980,-0.09747187969612602,687980
cosmic_910691,-0.09833671885293409,910691
cosmic_753599,-0.09874125505880472,753599
cosmic_753564,-0.10049668192721871,753564
cosmic_753605,-0.1010095339859429,753605
cosmic_908467,-0.10347647331923263,908467
cosmic_1330972,-0.10446736475317184,1330972
cosmic_688026,-0.1069741353384547,688026
cosmic_910567,-0.10699987420333855,910567
cosmic_909194,-0.11220676369846695,909194
cosmic_924241,-0.1142288862050397,924241
cosmic_1322212,-0.11563567566945623,1322212
cosmic_688010,-0.1175119988903006,688010
cosmic_949177,-0.11777159338104433,949177
cosmic_688007,-0.11823782069620467,688007
cosmic_907314,-0.11869633614357623,907314
cosmic_907295,-0.1287539246010682,907295
cosmic_688011,-0.12946527638719646,688011
cosmic_1240181,-0.13097598281610676,1240181
cosmic_906875,-0.131997063485626,906875
cosmic_925341,-0.133938030710466,925341
cosmic_949164,-0.1361012946857372,949164
cosmic_949167,-0.13633780877797613,949167
cosmic_688025,-0.14366052607423166,688025
cosmic_908447,-0.14464564071794236,908447
cosmic_688021,-0.14576162987796776,688021
cosmic_906834,-0.14721725112827438,906834
cosmic_910692,-0.14735407459321204,910692
cosmic_753620,-0.14739761362604167,753620
cosmic_688086,-0.14911807510030825,688086
cosmic_753618,-0.14942594641597515,753618
cosmic_908469,-0.150610107200909,908469
cosmic_753607,-0.1517770039228826,753607
cosmic_684055,-0.15438068438380764,684055
cosmic_1240210,-0.155512532932232,1240210
cosmic_1240189,-0.15632102441399903,1240189
cosmic_907319,-0.1579293719141304,907319
cosmic_909731,-0.15857069797659126,909731
cosmic_909707,-0.15895925927801016,909707
cosmic_753616,-0.15943079583332137,753616
cosmic_687600,-0.1627328390720742,687600
cosmic_910568,-0.16287962254503777,910568
cosmic_906808,-0.16310720382494287,906808
cosmic_949170,-0.16324277359878103,949170
cosmic_908468,-0.16507308594484585,908468
cosmic_713869,-0.16519033403629363,713869
cosmic_949178,-0.16830426603284898,949178
cosmic_688087,-0.17258778776103847,688087
cosmic_684062,-0.17382815607815344,684062
cosmic_684057,-0.17383122009587523,684057
cosmic_908454,-0.17406211602126379,908454
cosmic_949166,-0.17475412319246758,949166
cosmic_949179,-0.1751165129601728,949179
cosmic_687995,-0.17602257044146155,687995
cosmic_909730,-0.176496038178997,909730
cosmic_949155,-0.17693449122574867,949155
cosmic_908129,-0.17882509120700177,908129
cosmic_753534,-0.1814980528308868,753534
cosmic_946360,-0.18818454201102575,946360
cosmic_910899,-0.18843130725626298,910899
cosmic_949168,-0.18904095731679707,949168
cosmic_753565,-0.1906391716507302,753565
cosmic_949171,-0.19389138249091067,949171
cosmic_906833,-0.19392120262669102,906833
cosmic_909779,-0.19410553288648677,909779
cosmic_949172,-0.19418106712403888,949172
cosmic_1297439,-0.19419284277643684,1297439
cosmic_684059,-0.19505983570248064,684059
cosmic_908458,-0.1954127049212018,908458
cosmic_949161,-0.19552801206428339,949161
cosmic_753551,-0.19557850792321058,753551
cosmic_909264,-0.19611522624738892,909264
cosmic_949176,-0.1980290921744307,949176
cosmic_684072,-0.2060758679878419,684072
cosmic_949160,-0.20631831892898925,949160
cosmic_908440,-0.2067878082293792,908440
cosmic_908443,-0.2084366015318682,908443
cosmic_1330973,-0.20965913083142915,1330973
cosmic_971773,-0.21036995328170524,971773
cosmic_724855,-0.21158821427445776,724855
cosmic_1330964,-0.21184717738515985,1330964
cosmic_908481,-0.21231440077228528,908481
cosmic_930299,-0.21279217842091622,930299
cosmic_949157,-0.212803831277723,949157
cosmic_906812,-0.21413990803952057,906812
cosmic_909723,-0.21478691567586905,909723
cosmic_687787,-0.21519307866859552,687787
cosmic_925342,-0.215351108235944,925342
cosmic_909716,-0.21836385460720703,909716
cosmic_910942,-0.218726467610144,910942
cosmic_1240182,-0.21957341484778545,1240182
cosmic_1240174,-0.219708582241601,1240174
cosmic_1240216,-0.22020842459406884,1240216
cosmic_949158,-0.22061026752611482,949158
cosmic_1298350,-0.22152236693326421,1298350
cosmic_1240191,-0.222496238992679,1240191
cosmic_906820,-0.2273587601049666,906820
cosmic_910900,-0.22743602813866362,910900
cosmic_1298534,-0.2275870706110127,1298534
cosmic_949162,-0.22860282674555824,949162
cosmic_908121,-0.22900097256476507,908121
cosmic_1659817,-0.22977808789571144,1659817
cosmic_907055,-0.23045290059238285,907055
cosmic_907791,-0.23069854686975796,907791
cosmic_924100,-0.23103542469181051,924100
cosmic_908138,-0.23240726216392735,908138
cosmic_724872,-0.2331592206235446,724872
cosmic_687983,-0.23351454137200528,687983
cosmic_1331039,-0.23354458495366667,1331039
cosmic_949163,-0.23401197622224273,949163
cosmic_717431,-0.23405760531137246,717431
cosmic_1503371,-0.23412517495311397,1503371
cosmic_724828,-0.23465100272177622,724828
cosmic_1299075,-0.23482914720526457,1299075
cosmic_687798,-0.23484952717333818,687798
cosmic_687596,-0.23570736813005103,687596
cosmic_684052,-0.23788487581633946,684052
cosmic_907171,-0.23856012124191245,907171
cosmic_753555,-0.23886733091379952,753555
cosmic_724879,-0.24029950687675938,724879
cosmic_1298222,-0.24051320708920465,1298222
cosmic_925338,-0.24057704204997013,925338
cosmic_1240172,-0.24066663014014922,1240172
cosmic_1297447,-0.24103735566957965,1297447
cosmic_749713,-0.24105045884810555,749713
cosmic_907320,-0.24187635050695505,907320
cosmic_1240209,-0.24263524772208603,1240209
cosmic_906847,-0.24319780994181917,906847
cosmic_1240217,-0.24452619651055124,1240217
cosmic_1287381,-0.24461708803848084,1287381
cosmic_687815,-0.24485840232596884,687815
cosmic_1298538,-0.24490524940028738,1298538
cosmic_949165,-0.24509908986006043,949165
cosmic_907060,-0.2460686482144703,907060
cosmic_908150,-0.24629628534256523,908150
cosmic_1298349,-0.24653600280555177,1298349
cosmic_1240190,-0.2470194156185705,1240190
cosmic_749711,-0.24767894455017447,749711
cosmic_1240141,-0.24798145906104593,1240141
cosmic_910569,-0.24852937851320547,910569
cosmic_1240192,-0.2487128238743517,1240192
cosmic_1298223,-0.24873066228644133,1298223
cosmic_930082,-0.24878847333744983,930082
cosmic_909718,-0.2487923477787174,909718
cosmic_1290905,-0.2491553336733456,1290905
cosmic_1327771,-0.24974619200555365,1327771
cosmic_724868,-0.24985317580101823,724868
cosmic_949156,-0.25006058205974796,949156
cosmic_753556,-0.25017383040053126,753556
cosmic_1480359,-0.25025251428079864,1480359
cosmic_1240205,-0.2503736163300683,1240205
cosmic_1509074,-0.25047513936868365,1509074
cosmic_1480364,-0.25059519457911056,1480364
cosmic_724831,-0.2506459278044526,724831
cosmic_907172,-0.2508799464308229,907172
cosmic_906794,-0.2509376115360124,906794
cosmic_687505,-0.25097093466096704,687505
cosmic_909740,-0.2521828555652539,909740
cosmic_1330931,-0.25320305765011186,1330931
cosmic_909257,-0.2533194738762686,909257
cosmic_1290797,-0.253522108017594,1290797
cosmic_1240135,-0.2536055104727375,1240135
cosmic_1659818,-0.2547169893588772,1659818
cosmic_907291,-0.25487824514915114,907291
cosmic_753546,-0.255118974747554,753546
cosmic_946359,-0.25632802230684815,946359
cosmic_1303900,-0.25638975832482663,1303900
cosmic_1240149,-0.2566517293661238,1240149
cosmic_1330950,-0.256913478469829,1330950
cosmic_906850,-0.2576167979766464,906850
cosmic_684681,-0.2577680972894253,684681
cosmic_1480361,-0.2586317451147555,1480361
cosmic_753577,-0.25863347725517155,753577
cosmic_910853,-0.25874719847545113,910853
cosmic_946370,-0.25892521231718785,946370
cosmic_908126,-0.2589910286938516,908126
cosmic_907785,-0.26033412960263247,907785
cosmic_924187,-0.2604244899451316,924187
cosmic_909256,-0.26092178530164745,909256
cosmic_905977,-0.26100033418832325,905977
cosmic_683667,-0.2611546400683203,683667
cosmic_949090,-0.2613848416030654,949090
cosmic_1290807,-0.26142643575431657,1290807
cosmic_1240178,-0.26181111512857025,1240178
cosmic_909724,-0.2621240036167722,909724
cosmic_1240221,-0.2621826593577597,1240221
cosmic_907042,-0.26233196407563986,907042
cosmic_1299067,-0.26307260135773447,1299067
cosmic_1327765,-0.2631450017788984,1327765
cosmic_910904,-0.2632848891636446,910904
cosmic_753559,-0.2635235231820759,753559
cosmic_924248,-0.2642117811308439,924248
cosmic_906804,-0.2643235972462007,906804
cosmic_1299052,-0.2643681122599291,1299052
cosmic_905942,-0.264469430226748,905942
cosmic_905950,-0.2644850168800546,905950
cosmic_1240150,-0.26454456118067987,1240150
cosmic_1287706,-0.264783722297976,1287706
cosmic_907050,-0.2655560130977775,907050
cosmic_1503364,-0.2656477628688375,1503364
cosmic_1298359,-0.26570372218825994,1298359
cosmic_1330985,-0.2659556835402817,1330985
cosmic_905986,-0.26599363611682003,905986
cosmic_905935,-0.2661026791780255,905935
cosmic_910851,-0.266274494504132,910851
cosmic_1240127,-0.26635779831908574,1240127
cosmic_1240129,-0.26660101721624385,1240129
cosmic_908149,-0.26665292004431795,908149
cosmic_1298356,-0.2667407123292349,1298356
cosmic_722058,-0.26702901292019815,722058
cosmic_908463,-0.26708049202475226,908463
cosmic_908476,-0.2670831198360397,908476
cosmic_1240131,-0.2674709534485146,1240131
cosmic_687452,-0.2676745297579249,687452
cosmic_687816,-0.2676750682062356,687816
cosmic_749715,-0.2677489678513461,749715
cosmic_925345,-0.26777927984098754,925345
cosmic_909756,-0.26781733438852406,909756
cosmic_909732,-0.26796839570179987,909732
cosmic_687802,-0.2680789127548314,687802
cosmic_1524417,-0.26887178734053935,1524417
cosmic_925340,-0.2688932209915891,925340
cosmic_1299081,-0.2691109206848171,1299081
cosmic_924186,-0.2693409889090334,924186
cosmic_1240200,-0.2696972108663452,1240200
cosmic_910948,-0.26974768859325976,910948
cosmic_906814,-0.2699152238623515,906814
cosmic_1480362,-0.2700829644212206,1480362
cosmic_1299061,-0.2701189191358686,1299061
cosmic_753576,-0.2703757170692579,753576
cosmic_906818,-0.2704419653306209,906818
cosmic_905948,-0.27045832991627233,905948
cosmic_908472,-0.27066886777444876,908472
cosmic_906849,-0.27080378545071987,906849
cosmic_749717,-0.27101452452558483,749717
cosmic_907068,-0.27101728029373606,907068
cosmic_908148,-0.27129371043320266,908148
cosmic_1480372,-0.27137478384515673,1480372
cosmic_910920,-0.2715280915990289,910920
cosmic_906815,-0.27163014457429235,906815
cosmic_909722,-0.2716608455936996,909722
cosmic_909739,-0.27189172261143435,909739
cosmic_1240134,-0.2718951984243641,1240134
cosmic_909721,-0.2719248168416406,909721
cosmic_946357,-0.2721228524642246,946357
cosmic_905963,-0.27223614482266917,905963
cosmic_909757,-0.2723140410879275,909757
cosmic_753566,-0.27257616189643163,753566
cosmic_687829,-0.27259213189897513,687829
cosmic_713880,-0.2728942485270387,713880
cosmic_909717,-0.2729175805628305,909717
cosmic_753539,-0.2729448063810563,753539
cosmic_1240132,-0.2733840086194621,1240132
cosmic_971774,-0.273548903790111,971774
cosmic_907173,-0.27367223958245407,907173
cosmic_910911,-0.274116802952029,910911
cosmic_1659928,-0.2741628949070653,1659928
cosmic_907796,-0.27425409795363903,907796
cosmic_1240137,-0.27444162903295977,1240137
cosmic_1240142,-0.27445897265793645,1240142
cosmic_1299070,-0.2744893662215338,1299070
cosmic_907072,-0.2745615814108276,907072
cosmic_1298134,-0.2747841055432737,1298134
cosmic_905968,-0.27490931191880225,905968
cosmic_906865,-0.2749175773968448,906865
cosmic_905965,-0.275001410334816,905965
cosmic_687819,-0.27512330588251344,687819
cosmic_1524414,-0.2752218625013553,1524414
cosmic_910931,-0.27528312078651723,910931
cosmic_1480374,-0.2754396441250549,1480374
cosmic_907047,-0.2755372238307804,907047
cosmic_924106,-0.27555294270447583,924106
cosmic_906827,-0.2762068734037277,906827
cosmic_687800,-0.276408394072866,687800
cosmic_1240162,-0.2773392969232688,1240162
cosmic_908122,-0.2775446480108552,908122
cosmic_1298160,-0.27774363692081455,1298160
cosmic_907282,-0.27783688346250857,907282
cosmic_1327773,-0.277848350124668,1327773
cosmic_905941,-0.2780682701620063,905941
cosmic_910566,-0.27809298729774556,910566
cosmic_908473,-0.2781018011877387,908473
cosmic_949174,-0.2782227842367017,949174
cosmic_687514,-0.2786347839987353,687514
cosmic_1331040,-0.2787575278589021,1331040
cosmic_753573,-0.2788088993438963,753573
cosmic_949093,-0.2791107088307435,949093
cosmic_1290730,-0.27914036853180996,1290730
cosmic_905985,-0.2792556133695234,905985
cosmic_1322224,-0.27953481731720103,1322224
cosmic_906861,-0.27956575501072123,906861
cosmic_908152,-0.2795885980057753,908152
cosmic_910916,-0.27970137716954985,910916
cosmic_1240124,-0.27978117229958555,1240124
cosmic_908125,-0.27983776193641235,908125
cosmic_908131,-0.2801001886703886,908131
cosmic_909759,-0.28023441950575456,909759
cosmic_905955,-0.28032327782053335,905955
cosmic_909737,-0.28047103659450495,909737
cosmic_946353,-0.28064138975272473,946353
cosmic_908130,-0.28086740716911296,908130
cosmic_906823,-0.2809599997651956,906823
cosmic_909703,-0.28099927913809014,909703
cosmic_905954,-0.28143677301030046,905954
cosmic_907274,-0.2815139125242924,907274
cosmic_1240187,-0.2815342020145499,1240187
cosmic_724839,-0.2816705172246419,724839
cosmic_909711,-0.2817490234860488,909711
cosmic_905983,-0.2817585987207545,905983
cosmic_753623,-0.2818945671920846,753623
cosmic_908459,-0.28193268651896436,908459
cosmic_907786,-0.2819968767381255,907786
cosmic_909784,-0.28199954529741,909784
cosmic_1327766,-0.28213436819934024,1327766
cosmic_906835,-0.28214971832088653,906835
cosmic_905971,-0.2822427280347338,905971
cosmic_905956,-0.2825188987162224,905956
cosmic_1660034,-0.2825653567940853,1660034
cosmic_687821,-0.2825712242536205,687821
cosmic_753579,-0.282584158149295,753579
cosmic_753572,-0.282844618480943,753572
cosmic_998184,-0.28295019769966623,998184
cosmic_908444,-0.2830469538232463,908444
cosmic_905946,-0.2830606157053907,905946
cosmic_907045,-0.2831149934738371,907045
cosmic_687562,-0.2836063142404539,687562
cosmic_1240136,-0.2836442475253624,1240136
cosmic_907169,-0.28390207617361973,907169
cosmic_905957,-0.28434641890738016,905957
cosmic_909746,-0.284770967404937,909746
cosmic_906791,-0.28477488253124866,906791
cosmic_908471,-0.2848915883788881,908471
cosmic_687820,-0.2849889107506371,687820
cosmic_909976,-0.2850530684970013,909976
cosmic_753600,-0.28516634376148636,753600
cosmic_753569,-0.28529349383231606,753569
cosmic_907067,-0.28542604901209084,907067
cosmic_905949,-0.28557755745096275,905949
cosmic_909697,-0.28565800919888157,909697
cosmic_722046,-0.28583630161572915,722046
cosmic_753610,-0.2859855915183139,753610
cosmic_1240199,-0.28634572001844666,1240199
cosmic_909713,-0.28657781207654065,909713
cosmic_905991,-0.28659556993599317,905991
cosmic_946355,-0.28664782215484985,946355
cosmic_907046,-0.28667652880433175,907046
cosmic_909727,-0.28673118063150854,909727
cosmic_1298355,-0.2867827583017684,1298355
cosmic_906800,-0.2867953958289947,906800
cosmic_1240144,-0.28700985474572394,1240144
cosmic_1327768,-0.28705920657571676,1327768
cosmic_1240197,-0.2872054058954053,1240197
cosmic_910927,-0.28730506790680543,910927
cosmic_907073,-0.28746998420338177,907073
cosmic_905936,-0.287582229192913,905936
cosmic_1247873,-0.28759213050691496,1247873
cosmic_908151,-0.2876457259928716,908151
cosmic_1240153,-0.2878266195971998,1240153
cosmic_905975,-0.2878286135082081,905975
cosmic_687812,-0.2878859961997823,687812
cosmic_753596,-0.28800184461507355,753596
cosmic_924105,-0.288221010442511,924105
cosmic_909248,-0.28836840009716536,909248
cosmic_687590,-0.28862872085802055,687590
cosmic_909776,-0.28877897045844286,909776
cosmic_687448,-0.2887966231437902,687448
cosmic_1290813,-0.2888780995518054,1290813
cosmic_907323,-0.28899263720936735,907323
cosmic_1240128,-0.28904605765784175,1240128
cosmic_971777,-0.289069600442371,971777
cosmic_906852,-0.28913346359458486,906852
cosmic_906803,-0.28936722981373264,906803
cosmic_906843,-0.2894410519824145,906843
cosmic_1240170,-0.28953115634644566,1240170
cosmic_908119,-0.2896163209781866,908119
cosmic_910784,-0.2896915229011504,910784
cosmic_909975,-0.2898910393817657,909975
cosmic_1480358,-0.28996598619833147,1480358
cosmic_906746,-0.29000378195471194,906746
cosmic_906837,-0.29022097108848177,906837
cosmic_1479995,-0.29039345514170267,1479995
cosmic_909781,-0.290540571003555,909781
cosmic_905937,-0.29066785103668147,905937
cosmic_907790,-0.29077373740365065,907790
cosmic_724873,-0.29111239790290583,724873
cosmic_1330948,-0.29111628343470974,1330948
cosmic_1299059,-0.29121486820430525,1299059
cosmic_724859,-0.29122291532721395,724859
cosmic_905978,-0.2915428209972427,905978
cosmic_1330941,-0.29160660064271504,1330941
cosmic_1290765,-0.29161652558347617,1290765
cosmic_1303897,-0.29173124093225156,1303897
cosmic_753549,-0.29173511597647317,753549
cosmic_1240185,-0.2918215469771459,1240185
cosmic_753585,-0.2920032594093523,753585
cosmic_906844,-0.29202624060881605,906844
cosmic_909755,-0.29202725916520356,909755
cosmic_906863,-0.2920531787878233,906863
cosmic_906830,-0.29209225194748106,906830
cosmic_907312,-0.2921237234213544,907312
cosmic_907271,-0.29214902485634,907271
cosmic_908462,-0.29226977719332664,908462
cosmic_908465,-0.2923177645163139,908465
cosmic_907787,-0.2924941643213657,907787
cosmic_909744,-0.29265264444600614,909744
cosmic_1290768,-0.29268214470119874,1290768
cosmic_1290907,-0.2930033675354977,1290907
cosmic_1298136,-0.29312539834673007,1298136
cosmic_909698,-0.293198256035912,909698
cosmic_910079,-0.2932113376746569,910079
cosmic_905972,-0.2932733586997895,905972
cosmic_1299080,-0.29330403291609725,1299080
cosmic_906765,-0.2933197969101896,906765
cosmic_687568,-0.2933806525998986,687568
cosmic_908482,-0.29340466342495347,908482
cosmic_909907,-0.29355961635878053,909907
cosmic_908127,-0.2937580031175131,908127
cosmic_1298351,-0.2937941225270015,1298351
cosmic_909725,-0.29380990228788567,909725
cosmic_1240207,-0.2938418293442288,1240207
cosmic_925339,-0.2940505022560353,925339
cosmic_1479994,-0.2941997938312346,1479994
cosmic_1298219,-0.2942322196786972,1298219
cosmic_1240169,-0.29426317834927035,1240169
cosmic_909773,-0.2942654606903054,909773
cosmic_906821,-0.2943190182543647,906821
cosmic_905970,-0.29442504233502775,905970
cosmic_910554,-0.29445572207283105,910554
cosmic_910781,-0.2944605214604316,910781
cosmic_907058,-0.29456584256390766,907058
cosmic_1290806,-0.29461311984776806,1290806
cosmic_1290809,-0.29465762670617635,1290809
cosmic_909728,-0.2946838129544425,909728
cosmic_908144,-0.2948584074522354,908144
cosmic_905934,-0.29492323882948523,905934
cosmic_910695,-0.2953850875154509,910695
cosmic_753558,-0.29548191212704544,753558
cosmic_1240219,-0.29554657567918696,1240219
cosmic_1290922,-0.2957054662803386,1290922
cosmic_910544,-0.29592899871616385,910544
cosmic_909255,-0.2960861062842716,909255
cosmic_908124,-0.29615968932750153,908124
cosmic_1240125,-0.29629253521518595,1240125
cosmic_1298539,-0.29671372505158045,1298539
cosmic_753624,-0.29680242288667247,753624
cosmic_908446,-0.29696795984440516,908446
cosmic_1240130,-0.2969975569544744,1240130
cosmic_753621,-0.2972206115612611,753621
cosmic_1331048,-0.297334478605202,1331048
cosmic_1327775,-0.2973764478697232,1327775
cosmic_753541,-0.2973816386332618,753541
cosmic_924108,-0.29748012551181513,924108
cosmic_905944,-0.29753714057016345,905944
cosmic_911905,-0.29775560097850146,911905
cosmic_1331025,-0.2978086914895571,1331025
cosmic_1299078,-0.29814951909785253,1299078
cosmic_910922,-0.2981711625446275,910922
cosmic_906841,-0.2982046015369664,906841
cosmic_905945,-0.2983201835915224,905945
cosmic_905976,-0.29845839032385035,905976
cosmic_1660036,-0.2985862701348605,1660036
cosmic_683665,-0.2987142305927429,683665
cosmic_724834,-0.2988629268849561,724834
cosmic_749709,-0.298869787867686,749709
cosmic_907044,-0.29894579370331026,907044
cosmic_753586,-0.29900307221201694,753586
cosmic_1330983,-0.29912241638818826,1330983
cosmic_905951,-0.2991695032513523,905951
cosmic_946354,-0.29934249503712423,946354
cosmic_930298,-0.2993946675020011,930298
cosmic_924239,-0.29941045473651734,924239
cosmic_753615,-0.29952132691177247,753615
cosmic_1503362,-0.29964752408668716,1503362
cosmic_1290724,-0.29972237353890174,1290724
cosmic_1298352,-0.29987808545185274,1298352
cosmic_1240143,-0.30000504054355875,1240143
cosmic_1330943,-0.3000597497495418,1330943
cosmic_910921,-0.3001881303236028,910921
cosmic_908445,-0.3002242676361448,908445
cosmic_1660035,-0.3002341900642849,1660035
cosmic_908158,-0.3002749056980549,908158
cosmic_910688,-0.30055679077771763,910688
cosmic_687807,-0.30088777706530795,687807
cosmic_909249,-0.30089264177962655,909249
cosmic_908474,-0.3011391820770734,908474
cosmic_1503366,-0.30121136557424977,1503366
cosmic_753536,-0.3012168411519997,753536
cosmic_905933,-0.3014378070541572,905933
cosmic_1240156,-0.3014641128551403,1240156
cosmic_907289,-0.3016337468727766,907289
cosmic_909754,-0.3016748332735857,909754
cosmic_1240206,-0.30209958857557045,1240206
cosmic_753545,-0.3021376120474607,753545
cosmic_946373,-0.30223410403263185,946373
cosmic_906807,-0.3022492909302027,906807
cosmic_906848,-0.30229410160654036,906848
cosmic_1240179,-0.30256137142931255,1240179
cosmic_909712,-0.3026983113906833,909712
cosmic_910701,-0.30294710188319224,910701
cosmic_909761,-0.30295024387275465,909761
cosmic_687455,-0.303040991145046,687455
cosmic_1240220,-0.30306059696511617,1240220
cosmic_910910,-0.30306582698931306,910910
cosmic_1299050,-0.303073397488377,1299050
cosmic_687592,-0.30308051031380673,687592
cosmic_908128,-0.3031087016411713,908128
cosmic_1290771,-0.30313725261763236,1290771
cosmic_1331035,-0.30327162897391535,1331035
cosmic_909719,-0.30330939435640214,909719
cosmic_735784,-0.30339927420545204,735784
cosmic_907313,-0.3035065654156646,907313
cosmic_1503361,-0.3035715091841701,1503361
cosmic_909769,-0.30357965226844025,909769
cosmic_753533,-0.30434474397287037,753533
cosmic_1299064,-0.3043493008016463,1299064
cosmic_907391,-0.3043767299491801,907391
cosmic_906854,-0.30444363081515885,906854
cosmic_1524419,-0.3044794674515681,1524419
cosmic_907176,-0.3045548511953959,907176
cosmic_910779,-0.3045796666554765,910779
cosmic_1240198,-0.30460178904961427,1240198
cosmic_910706,-0.304651616734736,910706
cosmic_1331045,-0.30466532605008934,1331045
cosmic_910926,-0.3047034761984916,910926
cosmic_1298169,-0.3047306419309187,1298169
cosmic_907322,-0.3047376782228219,907322
cosmic_909758,-0.30492777068784727,909758
cosmic_905960,-0.3050929472597598,905960
cosmic_908143,-0.3052126937138402,908143
cosmic_909701,-0.3052343999178094,909701
cosmic_906792,-0.3052537722004851,906792
cosmic_905964,-0.30526291035729197,905964
cosmic_753554,-0.30558630152181554,753554
cosmic_905962,-0.3056150070243644,905962
cosmic_906793,-0.3057363947705574,906793
cosmic_1240168,-0.3059498185264625,1240168
cosmic_924102,-0.3059805304233002,924102
cosmic_908123,-0.3060748132674122,908123
cosmic_1298156,-0.3061070537549824,1298156
cosmic_908457,-0.3061918412142605,908457
cosmic_1290812,-0.30654505988456415,1290812
cosmic_906871,-0.3066398950571171,906871
cosmic_907286,-0.3067373161597605,907286
cosmic_749712,-0.30684686763973035,749712
cosmic_910209,-0.30693684017666667,910209
cosmic_687459,-0.30699327004743004,687459
cosmic_910943,-0.3071611664272887,910943
cosmic_1240186,-0.3071732521464924,1240186
cosmic_905952,-0.30721030173124353,905952
cosmic_1290810,-0.3072198091165729,1290810
cosmic_1240201,-0.3073012245872037,1240201
cosmic_908470,-0.3073101359906902,908470
cosmic_909748,-0.3073181321599261,909748
cosmic_909250,-0.30733320128225855,909250
cosmic_1524415,-0.30736066274853624,1524415
cosmic_1330987,-0.30754480920869076,1330987
cosmic_910698,-0.30761382590562003,910698
cosmic_1330993,-0.3076852246972147,1330993
cosmic_906828,-0.3077058332066434,906828
cosmic_910934,-0.307772097066346,910934
cosmic_907053,-0.3079373980889105,907053
cosmic_910546,-0.30795677202334776,910546
cosmic_724874,-0.30803531590411803,724874
cosmic_907062,-0.3080782140611713,907062
cosmic_910946,-0.3081262263345671,910946
cosmic_910689,-0.30834443030012015,910689
cosmic_906832,-0.3086459398142139,906832
cosmic_905982,-0.30867916501970816,905982
cosmic_907298,-0.30869677489709707,907298
cosmic_907064,-0.30898149163775623,907064
cosmic_1240122,-0.3090349596868687,1240122
cosmic_925346,-0.309056977859722,925346
cosmic_1298154,-0.30912702620396615,1298154
cosmic_753548,-0.3091292698378257,753548
cosmic_1479987,-0.3091301846487522,1479987
cosmic_910952,-0.30913977695591294,910952
cosmic_749716,-0.30921659503121585,749716
cosmic_905959,-0.3094677239251741,905959
cosmic_908145,-0.30962174328435743,908145
cosmic_910935,-0.30986158399511843,910935
cosmic_907311,-0.31028697518173365,907311
cosmic_908449,-0.31038005653376505,908449
cosmic_753562,-0.3103849576798658,753562
cosmic_910694,-0.3104895714381569,910694
cosmic_1298348,-0.31050515814477464,1298348
cosmic_687586,-0.3106912075876906,687586
cosmic_1298215,-0.3107769980718801,1298215
cosmic_909720,-0.3108112352283501,909720
cosmic_998189,-0.31089145665614265,998189
cosmic_910944,-0.31094425483876276,910944
cosmic_909253,-0.310947807210795,909253
cosmic_910710,-0.31094976012420955,910710
cosmic_907318,-0.3109861951609637,907318
cosmic_909777,-0.3111567518133672,909777
cosmic_906862,-0.311206476645306,906862
cosmic_910915,-0.3116278833046054,910915
cosmic_949088,-0.31171798929251926,949088
cosmic_753581,-0.31190095210264923,753581
cosmic_907269,-0.3119183672750319,907269
cosmic_753575,-0.31192394549724206,753575
cosmic_906817,-0.31195815362198204,906817
cosmic_1524416,-0.3119857884729475,1524416
cosmic_1331034,-0.31203608557211715,1331034
cosmic_924107,-0.31210140168243095,924107
cosmic_1290725,-0.3121029888487934,1290725
cosmic_924240,-0.3121309883938945,924240
cosmic_1240183,-0.31216436447469686,1240183
cosmic_688058,-0.3122049917066675,688058
cosmic_909726,-0.31222850920017053,909726
cosmic_1240155,-0.31223068441635654,1240155
cosmic_724812,-0.3122471223265081,724812
cosmic_907287,-0.3124371799376242,907287
cosmic_905980,-0.3125227700787646,905980
cosmic_1290814,-0.3125252583862307,1290814
cosmic_687563,-0.31255024657687547,687563
cosmic_1240123,-0.3126470827390962,1240123
cosmic_910549,-0.31278285604600925,910549
cosmic_906855,-0.3128656759827408,906855
cosmic_1327774,-0.3129338142318876,1327774
cosmic_907290,-0.3130939298173242,907290
cosmic_908159,-0.31313091108121827,908159
cosmic_753538,-0.31324887338461965,753538
cosmic_1298226,-0.3133774245185824,1298226
cosmic_753563,-0.3135162924216395,753563
cosmic_909252,-0.31356174621791777,909252
cosmic_909780,-0.3136360232085446,909780
cosmic_924188,-0.31363880345637124,924188
cosmic_687814,-0.3137580943194553,687814
cosmic_906839,-0.31384464936733075,906839
cosmic_1330984,-0.31384891415198446,1330984
cosmic_1330933,-0.31387041436396984,1330933
cosmic_908455,-0.3139318946614815,908455
cosmic_907275,-0.3139763993015613,907275
cosmic_905969,-0.31398789678420536,905969
cosmic_907792,-0.3140730312781298,907792
cosmic_907794,-0.31408209132089154,907794
cosmic_910545,-0.31413332053287707,910545
cosmic_1331036,-0.3142886709652676,1331036
cosmic_910919,-0.31430780698704547,910919
cosmic_909745,-0.3143759743572254,909745
cosmic_905984,-0.3144228489745931,905984
cosmic_1299062,-0.31454749582169156,1299062
cosmic_1479988,-0.31455518401084226,1479988
cosmic_753552,-0.3146017035761438,753552
cosmic_906797,-0.31466506033542907,906797
cosmic_1290798,-0.3146888037376506,1290798
cosmic_1299051,-0.314730818846164,1299051
cosmic_749710,-0.31497468592121886,749710
cosmic_724838,-0.31503790159769984,724838
cosmic_907059,-0.31512112385156077,907059
cosmic_906826,-0.3151892476014033,906826
cosmic_1240173,-0.31530662667317577,1240173
cosmic_909974,-0.31531536151402445,909974
cosmic_909977,-0.31547772116845,909977
cosmic_908448,-0.315502186357398,908448
cosmic_753561,-0.3155161533503514,753561
cosmic_1524418,-0.3155789681877674,1524418
cosmic_906696,-0.31572555504463284,906696
cosmic_1659823,-0.31574046185539717,1659823
cosmic_946361,-0.31574817218788054,946361
cosmic_753531,-0.31607425598275185,753531
cosmic_1480360,-0.3163696898076639,1480360
cosmic_908142,-0.3163943119588719,908142
cosmic_749714,-0.3164187361260389,749714
cosmic_907071,-0.3164747579580091,907071
cosmic_1330935,-0.31650263644952836,1330935
cosmic_1240139,-0.31657773037385073,1240139
cosmic_753612,-0.3166397273607134,753612
cosmic_907277,-0.3168682868265614,907277
cosmic_925347,-0.3168873060825073,925347
cosmic_906795,-0.3169533216383103,906795
cosmic_946356,-0.3171686925253872,946356
cosmic_906798,-0.31717290254752417,906798
cosmic_949094,-0.3171766289291357,949094
cosmic_910401,-0.31733760642076486,910401
cosmic_724866,-0.31743140009119764,724866
cosmic_905939,-0.3177148530242776,905939
cosmic_924244,-0.317743413385041,924244
cosmic_1298533,-0.3178696857734123,1298533
cosmic_1298365,-0.31798261766421915,1298365
cosmic_910932,-0.318060943811681,910932
cosmic_1509073,-0.3183207996630643,1509073
cosmic_1503365,-0.3184056423643112,1503365
cosmic_1480371,-0.3184238888086226,1480371
cosmic_905947,-0.3184333418483419,905947
cosmic_908452,-0.31897508332102753,908452
cosmic_1298353,-0.3190008134293059,1298353
cosmic_907317,-0.3191398535445272,907317
cosmic_1331032,-0.3191786459511973,1331032
cosmic_906872,-0.319405653168195,906872
cosmic_1298358,-0.31945143359503436,1298358
cosmic_910849,-0.31976519920695085,910849
cosmic_905990,-0.3198234701210629,905990
cosmic_949153,-0.31985506624422044,949153
cosmic_906824,-0.3198596098773091,906824
cosmic_1240166,-0.3198886217093361,1240166
cosmic_906870,-0.3200128428979107,906870
cosmic_1290455,-0.32010918711072583,1290455
cosmic_1240215,-0.3201290506698676,1240215
cosmic_1240158,-0.3201786810659378,1240158
cosmic_924110,-0.3201997527456532,924110
cosmic_906846,-0.3202294955706443,906846
cosmic_924238,-0.32041923723687477,924238
cosmic_722045,-0.3204747339494684,722045
cosmic_1240160,-0.32055768100708926,1240160
cosmic_1240212,-0.3206286604984014,1240212
cosmic_1298531,-0.3206801635344996,1298531
cosmic_909262,-0.3207658145496714,909262
cosmic_1240222,-0.3208047294574629,1240222
cosmic_924247,-0.3209571697203226,924247
cosmic_909699,-0.32099339781575376,909699
cosmic_910905,-0.32099712347744075,910905
cosmic_910903,-0.3210030192826587,910903
cosmic_910906,-0.32108628671430073,910906
cosmic_906763,-0.32125963618409553,906763
cosmic_753535,-0.3212868071536254,753535
cosmic_906842,-0.32135423141920666,906842
cosmic_1303896,-0.3213604558360927,1303896
cosmic_910704,-0.32154604101540574,910704
cosmic_905981,-0.3218473339273679,905981
cosmic_946367,-0.32198727389903503,946367
cosmic_907270,-0.3219923358991015,907270
cosmic_909708,-0.32211369180599153,909708
cosmic_909751,-0.3221999810415499,909751
cosmic_908146,-0.32226404770674144,908146
cosmic_1290769,-0.3224817504620732,1290769
cosmic_687588,-0.32268043206731684,687588
cosmic_910548,-0.32271739912173886,910548
cosmic_910907,-0.3227617084239514,910907
cosmic_946358,-0.3229254970239551,946358
cosmic_910399,-0.32300223874648093,910399
cosmic_753574,-0.3230096565149767,753574
cosmic_909905,-0.32310813647873887,909905
cosmic_1240226,-0.3232346788083158,1240226
cosmic_753578,-0.32327458750437404,753578
cosmic_906838,-0.323335218287756,906838
cosmic_909753,-0.32333601008660495,909753
cosmic_1240196,-0.32335399003268406,1240196
cosmic_1297449,-0.32341628468129807,1297449
cosmic_910930,-0.3234969005154225,910930
cosmic_687457,-0.3236737228530531,687457
cosmic_906693,-0.32383322152980887,906693
cosmic_909715,-0.32385996776466636,909715
cosmic_906851,-0.3238989308140096,906851
cosmic_909729,-0.32396388214670213,909729
cosmic_1298151,-0.32410450516452805,1298151
cosmic_1659819,-0.32410552047679714,1659819
cosmic_1327769,-0.3241330281924009,1327769
cosmic_909747,-0.32414322425038944,909747
cosmic_906790,-0.3242663320905586,906790
cosmic_908461,-0.3243303171487273,908461
cosmic_1240218,-0.3244525886324588,1240218
cosmic_908451,-0.3245166219433606,908451
cosmic_930297,-0.3245901812824388,930297
cosmic_907048,-0.32462144786218494,907048
cosmic_906868,-0.32465068778324857,906868
cosmic_924250,-0.32474188742402255,924250
cosmic_909263,-0.32477011422849533,909263
cosmic_907000,-0.3248666262063004,907000
cosmic_907783,-0.3249570709066647,907783
cosmic_907175,-0.3250515967614506,907175
cosmic_1479991,-0.32507702321425713,1479991
cosmic_753592,-0.3251475109292494,753592
cosmic_687506,-0.32525199693170576,687506
cosmic_910705,-0.3252872638202921,910705
cosmic_907043,-0.3256333996888968,907043
cosmic_908475,-0.32592981578042085,908475
cosmic_910951,-0.3267341633877402,910951
cosmic_946369,-0.32697448813390984,946369
cosmic_1298168,-0.3270504623049773,1298168
cosmic_909704,-0.3271352589666328,909704
cosmic_1322218,-0.32736719712678064,1322218
cosmic_1290795,-0.3274763011669852,1290795
cosmic_946372,-0.32764576308773163,946372
cosmic_908139,-0.3277667226718125,908139
cosmic_1240223,-0.32787321593111124,1240223
cosmic_909742,-0.32793471258534823,909742
cosmic_1240140,-0.32797925076012147,1240140
cosmic_905974,-0.32800073938346913,905974
cosmic_907041,-0.32813950930927815,907041
cosmic_1240204,-0.32814405848272016,1240204
cosmic_905989,-0.32822866461395556,905989
cosmic_724878,-0.328434522363496,724878
cosmic_906801,-0.3285435079451273,906801
cosmic_906869,-0.3290518072675066,906869
cosmic_1479993,-0.32912601686784415,1479993
cosmic_910936,-0.32917096092204634,910936
cosmic_910924,-0.32922192037070747,910924
cosmic_687799,-0.32923448008522194,687799
cosmic_753540,-0.32928074816004343,753540
cosmic_1503363,-0.3296253248737776,1503363
cosmic_905961,-0.32971726100121657,905961
cosmic_924111,-0.3298124269340037,924111
cosmic_908132,-0.33000548437437394,908132
cosmic_724825,-0.33014660349234526,724825
cosmic_909770,-0.33036346150650364,909770
cosmic_907285,-0.33052813708549655,907285
cosmic_907278,-0.33056985526049315,907278
cosmic_1298216,-0.3308104005355073,1298216
cosmic_753622,-0.3308396877260364,753622
cosmic_753583,-0.33096116384324115,753583
cosmic_906831,-0.330965954441877,906831
cosmic_1331037,-0.3314021368671764,1331037
cosmic_946382,-0.3314140840048356,946382
cosmic_909750,-0.331727028823656,909750
cosmic_1503368,-0.3321536536493791,1503368
cosmic_908460,-0.33228504862848274,908460
cosmic_910852,-0.33234010138124354,910852
cosmic_1330942,-0.3324737093240147,1330942
cosmic_1240138,-0.3325502563728913,1240138
cosmic_907321,-0.3325564987213021,907321
cosmic_1240146,-0.3325644980017708,1240146
cosmic_909696,-0.3325864929350009,909696
cosmic_909904,-0.3327196181537902,909904
cosmic_907061,-0.3330795972506129,907061
cosmic_1479992,-0.3330951347808222,1479992
cosmic_1298145,-0.33311187084233607,1298145
cosmic_1290808,-0.33322434865644013,1290808
cosmic_910703,-0.33325676365891554,910703
cosmic_907799,-0.33338072976464594,907799
cosmic_1331033,-0.3334259667017718,1331033
cosmic_907057,-0.3334718459038331,907057
cosmic_1298347,-0.3335298213355987,1298347
cosmic_1247871,-0.3335706976102251,1247871
cosmic_1298157,-0.33369871335267876,1298157
cosmic_907051,-0.3337343323001546,907051
cosmic_909260,-0.3337630085012739,909260
cosmic_930083,-0.33376798514629735,930083
cosmic_1331049,-0.3339817000964455,1331049
cosmic_1240145,-0.33399295284456654,1240145
cosmic_909735,-0.33488684010218644,909735
cosmic_907056,-0.33495757304638246,907056
cosmic_1323913,-0.3350366820661835,1323913
cosmic_909771,-0.33516489060701865,909771
cosmic_909774,-0.3353771896849055,909774
cosmic_909706,-0.33547902328297824,909706
cosmic_909738,-0.3356022111354109,909738
cosmic_907273,-0.3357766151818738,907273
cosmic_1240159,-0.3360390712320367,1240159
cosmic_688121,-0.3361773191931544,688121
cosmic_907272,-0.33618007339282274,907272
cosmic_1290908,-0.336288672937805,1290908
cosmic_908141,-0.33641287321159946,908141
cosmic_1331038,-0.3364931907911756,1331038
cosmic_1295741,-0.33651489653074057,1295741
cosmic_1303912,-0.3365238893731229,1303912
cosmic_906864,-0.3367249265485034,906864
cosmic_1674021,-0.33693308701795377,1674021
cosmic_753608,-0.337000937564002,753608
cosmic_908147,-0.337127041907124,908147
cosmic_753604,-0.33717549770810085,753604
cosmic_906856,-0.3374043301316783,906856
cosmic_1240208,-0.33766822682807746,1240208
cosmic_910947,-0.33792941202280524,910947
cosmic_1298218,-0.33795060406913485,1298218
cosmic_907268,-0.3381366130560757,907268
cosmic_1330994,-0.3383670960539202,1330994
cosmic_909709,-0.33886899298343925,909709
cosmic_1240161,-0.3391582598370238,1240161
cosmic_753595,-0.33923522841161186,753595
cosmic_906836,-0.3393307540144374,906836
cosmic_1240147,-0.3393572501977165,1240147
cosmic_905967,-0.3396960188558043,905967
cosmic_1240151,-0.3397737674162529,1240151
cosmic_917486,-0.33989691733583444,917486
cosmic_1331031,-0.3402587312964125,1331031
cosmic_906873,-0.340720162306922,906873
cosmic_1330995,-0.341280338461797,1330995
cosmic_1298357,-0.3413196183531448,1298357
cosmic_910861,-0.341328381663474,910861
cosmic_907279,-0.3416625510302889,907279
cosmic_908136,-0.3417951024528273,908136
cosmic_906813,-0.3424410513660839,906813
cosmic_1298362,-0.3424735659154318,1298362
cosmic_1503369,-0.3425664705769882,1503369
cosmic_687561,-0.3427000655386861,687561
cosmic_1331050,-0.34272361363121295,1331050
cosmic_909702,-0.3427493944409927,909702
cosmic_910700,-0.3430123171031092,910700
cosmic_1240121,-0.34319195536756747,1240121
cosmic_910687,-0.3433042731923461,910687
cosmic_907788,-0.3433185805327085,907788
cosmic_906999,-0.34336757893218534,906999
cosmic_1290722,-0.3434661053633715,1290722
cosmic_1290906,-0.34352652365564745,1290906
cosmic_924104,-0.3436009379154197,924104
cosmic_905979,-0.3438875714234338,905979
cosmic_908450,-0.3439248315304969,908450
cosmic_907795,-0.34402176726905026,907795
cosmic_687780,-0.34422379036495304,687780
cosmic_910697,-0.3447208731424376,910697
cosmic_1330991,-0.34522035579202687,1330991
cosmic_1298146,-0.3453534712456156,1298146
cosmic_925343,-0.3457682737070497,925343
cosmic_909736,-0.3457929923745854,909736
cosmic_909700,-0.34587159719530286,909700
cosmic_946377,-0.3460551522908463,946377
cosmic_907276,-0.3460771369868642,907276
cosmic_1240167,-0.3464785827851502,1240167
cosmic_910925,-0.3468383177421299,910925
cosmic_907281,-0.34687534072296017,907281
cosmic_907280,-0.3475547165577033,907280
cosmic_724870,-0.3477010731717567,724870
cosmic_907066,-0.34782425863317734,907066
cosmic_906853,-0.34815711676986727,906853
cosmic_1298475,-0.3482981911810113,1298475
cosmic_1298476,-0.34843170300711185,1298476
cosmic_753570,-0.3485079576529005,753570
cosmic_724863,-0.3486862389818205,724863
cosmic_753532,-0.3488755578985407,753532
cosmic_907284,-0.34893576880523364,907284
cosmic_906877,-0.3491181573186045,906877
cosmic_724869,-0.34920136903575694,724869
cosmic_907065,-0.34933127890778154,907065
cosmic_1503367,-0.3495799985422329,1503367
cosmic_908156,-0.34972510225228354,908156
cosmic_722066,-0.3499122922191459,722066
cosmic_1298141,-0.34991535182649225,1298141
cosmic_907789,-0.3504214021268212,907789
cosmic_907300,-0.3506352285681483,907300
cosmic_1297446,-0.35068913039031013,1297446
cosmic_909251,-0.35104707849641853,909251
cosmic_946368,-0.3516884780033074,946368
cosmic_909778,-0.3519587919050739,909778
cosmic_1503370,-0.3521465933964793,1503370
cosmic_1295740,-0.3521603855272043,1295740
cosmic_1298537,-0.3522638081046511,1298537
cosmic_1330982,-0.3523002083882674,1330982
cosmic_1240202,-0.35289611159810075,1240202
cosmic_753584,-0.35325942256017945,753584
cosmic_909749,-0.353492676621449,909749
cosmic_1240157,-0.35362868804798636,1240157
cosmic_924151,-0.3542138155412743,924151
cosmic_906805,-0.3542816611306722,906805
cosmic_909743,-0.35438686571631867,909743
cosmic_905973,-0.35681060739696746,905973
cosmic_753614,-0.3569722766818515,753614
cosmic_910850,-0.35841596578653,910850
cosmic_1240184,-0.3595783673474783,1240184
cosmic_1298529,-0.3595793726549265,1298529
cosmic_909785,-0.3597292965162517,909785
cosmic_687777,-0.3601198373661113,687777
cosmic_910702,-0.36082597795460264,910702
cosmic_1240154,-0.3628349768058854,1240154
cosmic_1330947,-0.36297903976254126,1330947
cosmic_1298526,-0.36457375978564527,1298526
cosmic_1290767,-0.36478764837526695,1290767
cosmic_905938,-0.3665606589061945,905938
cosmic_905958,-0.36708682708526963,905958
cosmic_905940,-0.367234701592225,905940
cosmic_907069,-0.3686142164706241,907069
cosmic_907299,-0.3706063234986246,907299
cosmic_925348,-0.37177292586783783,925348
cosmic_910933,-0.3782289613891412,910933
