,RCMB32
gdsc_Navitoclax,0.6555521533312653
gdsc_Linsitinib,0.6485569588759567
gdsc_TL-2-105,0.6100271286771327
gdsc_Tubastatin A,0.6034594944111433
gdsc_GSK1070916,0.6007338788521402
gdsc_SB52334,0.5837442893553504
gdsc_GW-2580,0.5719593847191656
gdsc_Axitinib,0.5533523110231771
gdsc_GSK429286A,0.54610907751333
gdsc_VX-702,0.5214182857198842
gdsc_BX-912,0.506170955434407
gdsc_Rucaparib,0.5040468392529286
gdsc_GSK319347A,0.4689927105736137
gdsc_NSC-87877,0.46488995850184983
ctrp_tubastatin A,0.4563545133715157
gdsc_Amuvatinib,0.45546664817328253
gdsc_XMD13-2,0.4353876582385612
ctrp_staurosporine,0.4340813502752502
ctrp_linsitinib,0.42756000600107924
ctrp_avrainvillamide,0.4254482727306062
gdsc_Talazoparib,0.41891826527676934
ctrp_BMS-195614,0.4183399339120625
gdsc_Olaparib,0.41753302633858014
gdsc_Ispinesib Mesylate,0.4112794693818751
gdsc_SB-505124,0.40927094006775355
ctrp_chlorambucil,0.40505721174129444
ctrp_PRIMA-1-Met,0.4037554593369218
ctrp_ABT-737,0.3981488521478337
ctrp_indisulam,0.39641976003157786
ctrp_skepinone-L,0.39592086235254637
ctrp_BRD-K34485477,0.39461947591013236
ctrp_tretinoin,0.3931950722908781
ctrp_ML239,0.3928030225295357
ctrp_BRD-K26531177,0.39227185245441687
ctrp_isoliquiritigenin,0.39219400511438907
ctrp_BRD-K99006945,0.3890037813867526
ctrp_BRD-K28456706,0.38426454016170575
ctrp_JW-55,0.3824754306095807
ctrp_XL765,0.3814127983825854
ctrp_barasertib,0.3790531942632181
ctrp_CIL55,0.37849055954806515
ctrp_ML203,0.37724857902193926
ctrp_BRD-K49290616,0.37567018035483535
ctrp_serdemetan,0.37531075727851154
ctrp_ML050,0.3747673680607271
ctrp_tacrolimus,0.37369039841279544
ctrp_CIL41,0.373298206806579
ctrp_BRD-K13999467,0.37303657591784845
ctrp_BRD-K51831558,0.3718879994925501
ctrp_BRD-K29086754,0.37147590662800073
ctrp_CCT036477,0.37117851580718986
ctrp_JW-74,0.3703574663522769
ctrp_BRD-K51490254,0.36992395264479017
ctrp_PLX-4720,0.36943397680861195
ctrp_BRD-A71883111,0.3660411880854435
gdsc_KIN001-270,0.36462494605233253
ctrp_epigallocatechin-3-monogallate,0.36162931369959694
ctrp_axitinib,0.3607781497896693
ctrp_BRD-K88742110,0.3596243693153876
ctrp_16-beta-bromoandrosterone,0.3588589854799412
ctrp_olaparib,0.3586691054548854
ctrp_tamoxifen,0.3577027119754837
ctrp_darinaparsin,0.3554568937310821
ctrp_BMS-270394,0.3549998033536199
ctrp_SR1001,0.35496765212946535
gdsc_Cisplatin,0.3548706935015877
ctrp_ABT-199,0.35461501602438006
ctrp_SZ4TA2,0.3523784422613954
ctrp_compound 1B,0.3523364139691988
ctrp_BRD-M00053801,0.3519363149333521
ctrp_foretinib,0.35166970988194113
ctrp_RG-108,0.35125885757254266
ctrp_CAY10576,0.3507267838560619
ctrp_BRD-K42260513,0.3506777441573621
ctrp_Mdivi-1,0.349333040066354
ctrp_BRD1835,0.3493002627617996
ctrp_BRD-K24690302,0.3489795806440979
ctrp_IU1,0.3488616548219192
ctrp_968,0.3481121781182946
ctrp_bexarotene,0.34761357434449686
ctrp_BRD-K44224150,0.34685124304082904
ctrp_BRD-K84807411,0.3462032805210527
ctrp_tipifarnib-P1,0.34505766295785295
ctrp_lenvatinib,0.34446527765556134
ctrp_alisertib,0.3436261426274699
ctrp_ELCPK,0.3432653073292313
ctrp_sitagliptin,0.34321311156405376
ctrp_Compound 7d-cis,0.3429780423643761
ctrp_AC55649,0.34270856284876705
ctrp_FGIN-1-27,0.34209529568277386
ctrp_Compound 1541A,0.34096311990835704
ctrp_belinostat,0.3406705605537299
ctrp_SB-431542,0.34060863818115567
ctrp_KW-2449,0.3403994929915117
ctrp_TG-100-115,0.3386569298831943
ctrp_necrostatin-7,0.3382831509339419
gdsc_NPK76-II-72-1,0.3359113568857462
ctrp_AZD1480,0.33583495596206653
ctrp_cabozantinib,0.33417394918883
ctrp_NSC23766,0.33260564164048384
ctrp_fingolimod,0.3289804271899974
ctrp_NSC19630,0.32893847593429115
ctrp_tacedinaline,0.32831520575721923
ctrp_lomeguatrib,0.32793566466461127
ctrp_PF-4800567 hydrochloride,0.3277635363665182
ctrp_NSC 74859,0.3270926821462972
ctrp_PF-184,0.32707670737652733
ctrp_NSC30930,0.32686868711470607
ctrp_itraconazole,0.3260051275082108
ctrp_AT-406,0.325753876194198
ctrp_necrostatin-1,0.3236703355923902
ctrp_PX-12,0.3229290929993868
ctrp_MST-312,0.32274213437922994
ctrp_LY-2157299,0.3223881601310098
ctrp_BRD6340,0.3215968548972829
ctrp_VX-680,0.3215488683786382
ctrp_BMS-754807,0.3210919664421965
ctrp_elocalcitol,0.3208725776580091
ctrp_MGCD-265,0.3206840687076911
ctrp_SKI-II,0.32049299689636085
ctrp_BRD-K92856060,0.32014248935905304
gdsc_Daporinad,0.32011404534499616
ctrp_ML162,0.3197841103756169
ctrp_ceranib-2,0.3186479958399285
ctrp_CIL70,0.318327636225524
ctrp_cediranib,0.3176797249211795
ctrp_Ki8751,0.3175743177780677
ctrp_BRD-K11533227,0.3168123507376092
ctrp_bendamustine,0.3163589762906257
gdsc_SN-38,0.31623917324685413
ctrp_BIBR-1532,0.31602751757307207
ctrp_KPT185,0.3151755464894253
ctrp_nintedanib,0.3151658095070498
ctrp_isoevodiamine,0.31470899424853616
ctrp_AZD4547,0.31432074287487993
ctrp_BRD-K90370028,0.3138489288147296
ctrp_sildenafil,0.3138436622199892
ctrp_cyclophosphamide,0.31295532845348695
ctrp_NSC48300,0.31214640517037795
ctrp_BRD8899,0.31182566794507566
ctrp_BYL-719,0.31143488192023766
gdsc_NSC-207895,0.31096146099278815
gdsc_BMS-754807,0.3108109760772594
ctrp_cytarabine hydrochloride,0.31079839846154095
ctrp_apicidin,0.30993419134967554
ctrp_SB-225002,0.30913134054805746
ctrp_NSC95397,0.30780348178617833
ctrp_LY-2183240,0.306623783922715
ctrp_SGX-523,0.3064335780137572
ctrp_PI-103,0.3054770698979174
ctrp_LBH-589,0.30519570141746416
ctrp_omacetaxine mepesuccinate,0.30497109305563
ctrp_JW-480,0.30453448399057076
ctrp_SU11274,0.3045109734807025
ctrp_NVP-ADW742,0.30418053074280776
ctrp_PLX-4032,0.30174908391340155
ctrp_BRD-K75293299,0.3014632514007539
gdsc_YM201636,0.3008013990720468
ctrp_BRD-K16147474,0.3005267913462691
ctrp_PYR-41,0.29962875250346743
ctrp_PDMP,0.2994361885119403
ctrp_pifithrin-mu,0.2993890736666596
ctrp_pitstop2,0.2993276929983935
ctrp_BRD-K37390332,0.2987707045143203
ctrp_BRD-K80183349,0.2985375909287301
ctrp_QS-11,0.29844570201039966
ctrp_erastin,0.29794390179522606
ctrp_BRD-K02251932,0.29768969538732193
ctrp_pandacostat,0.29751852688844294
ctrp_ML083,0.2973373730702041
ctrp_GW-843682X,0.2972559918191468
ctrp_importazole,0.29704636358787256
ctrp_BIX-01294,0.2959019543895157
ctrp_GMX-1778,0.2948799595260958
ctrp_myriocin,0.29459678457779065
ctrp_semagacestat,0.29436324223936094
ctrp_BRD-K61166597,0.2943068992787962
ctrp_SB-525334,0.29392224166441544
ctrp_brivanib,0.2938894124653651
ctrp_necrosulfonamide,0.2938433033404257
ctrp_ISOX,0.2925030758105852
ctrp_etoposide,0.29239175358543423
ctrp_ML006,0.29221228076299205
gdsc_Vorinostat,0.29204493367937995
ctrp_AM-580,0.2917263183959284
ctrp_LRRK2-IN-1,0.29128714972038805
ctrp_thalidomide,0.2904258820062985
ctrp_GSK1059615,0.2900459615068073
ctrp_triazolothiadiazine,0.2898663669541752
ctrp_BRD-K17060750,0.28967605311060635
ctrp_GSK-3 inhibitor IX,0.2891880056485316
ctrp_SN-38,0.2889875290692427
ctrp_tivozanib,0.28869968932886647
ctrp_YK 4-279,0.28855446146921154
ctrp_pazopanib,0.28783860403202066
ctrp_BIRB-796,0.28754478501539027
ctrp_dacarbazine,0.287225698772871
ctrp_GSK461364,0.2864276004983861
ctrp_NVP-TAE684,0.28536812217196295
ctrp_N9-isopropylolomoucine,0.2853630444511766
ctrp_BRD-K34099515,0.28515220434402944
ctrp_cucurbitacin I,0.2844535821617088
ctrp_teniposide,0.28440349254398845
gdsc_ZM447439,0.28382637429293756
ctrp_PL-DI,0.28348974288768874
ctrp_CD-437,0.28339579053061054
ctrp_HC-067047,0.28334269454568733
ctrp_momelotinib,0.2831894493964397
ctrp_CIL55A,0.2830070172655992
ctrp_pluripotin,0.28291141435484346
ctrp_Compound 23 citrate,0.28186941973173096
ctrp_manumycin A,0.2813788552889301
ctrp_BRD-K66532283,0.281164457703118
gdsc_MPS-1-IN-1,0.2811289128523131
ctrp_RO4929097,0.2810818918593115
ctrp_BRD-K34222889,0.28060276895704556
ctrp_mitomycin,0.2794800447454867
ctrp_vorapaxar,0.27919855340769795
gdsc_TW 37,0.27879320950019704
ctrp_topotecan,0.2786698091913571
ctrp_parbendazole,0.27864264475103573
gdsc_ZG-10,0.2782209805195471
gdsc_UNC0638,0.27753704431867204
ctrp_BRD-K27224038,0.27744899393418576
ctrp_BRD-K86535717,0.2769350502068345
ctrp_AZD6482,0.2769296482797271
ctrp_KU-55933,0.2765330608440185
gdsc_HG-5-113-01,0.276383972087961
ctrp_CD-1530,0.2759591016728402
ctrp_sorafenib,0.2753824958431252
ctrp_SRT-1720,0.27536057044742085
ctrp_BRD-K85133207,0.27458862621192653
ctrp_Ch-55,0.27458307115698577
ctrp_BRD-K96970199,0.27449245866458766
ctrp_BRD-K30019337,0.2744524543989177
ctrp_MK-2206,0.27442314433361054
ctrp_KU-60019,0.27418805963928006
gdsc_Entinostat,0.2732411444488889
ctrp_cimetidine,0.2726231927564394
ctrp_tandutinib,0.2723575036489946
ctrp_ML311,0.2716421857150197
ctrp_rigosertib,0.27135496998528735
ctrp_CIL56,0.27085249997433297
ctrp_ML031,0.27023257496143643
ctrp_navitoclax,0.2698047715388037
ctrp_BRD-K02492147,0.2697895697513353
ctrp_tivantinib,0.26977308609004724
ctrp_pifithrin-alpha,0.26844077846493486
ctrp_gossypol,0.26838366183721774
ctrp_B02,0.26829379315520147
ctrp_PIK-93,0.2682181309873618
ctrp_AT7867,0.26810382265286875
ctrp_BRD-K35604418,0.267978610446559
ctrp_sunitinib,0.26785778832661833
ctrp_STF-31,0.26744165303937595
ctrp_CAL-101,0.2673157244268781
gdsc_Camptothecin,0.26698064474571837
ctrp_FQI-2,0.2663528562671463
ctrp_ETP-46464,0.26624573984059313
ctrp_BRD-K78574327,0.2660455027092203
ctrp_BI-2536,0.2660337670687248
ctrp_BRD-K70511574,0.26582545182832173
ctrp_HLI 373,0.2658101286553035
ctrp_GDC-0941,0.2654676401000658
gdsc_PI-103,0.2653749657389863
ctrp_MG-132,0.26502155499410995
ctrp_CAY10618,0.26464515099630165
ctrp_BRD-K96431673,0.2640089503733592
ctrp_KH-CB19,0.263906202777276
ctrp_BMS-536924,0.2637985766705291
gdsc_OSI-027,0.2636926605861932
ctrp_Bax channel blocker,0.26284843752500536
ctrp_KX2-391,0.2621424760232685
ctrp_silmitasertib,0.2617671398854977
ctrp_PF-3758309,0.26139689912488207
ctrp_TGX-221,0.26137271652575866
ctrp_PF-573228,0.26028374238041424
ctrp_BRD-K66453893,0.2602007759179293
ctrp_tipifarnib-P2,0.25933009526206663
ctrp_ZSTK474,0.2592600494967144
ctrp_cytochalasin B,0.2590152875580385
ctrp_R428,0.2588190762825216
ctrp_bardoxolone methyl,0.25850681529813324
ctrp_NSC632839,0.2582289184991732
ctrp_GANT-61,0.2580638242344292
gdsc_JW-7-24-1,0.2578164524700716
ctrp_YM-155,0.2570265517577957
ctrp_NVP-231,0.25628433793232175
ctrp_doxorubicin,0.25626033121208097
ctrp_fluvastatin,0.2558295929493672
ctrp_BRD-K45681478,0.25532506214118805
ctrp_UNC0638,0.25469272008123645
ctrp_vincristine,0.25469148822066895
ctrp_3-Cl-AHPC,0.25423768035651795
ctrp_OSI-027,0.25408596345592205
ctrp_blebbistatin,0.25387508820638727
gdsc_AR-42,0.2536151739242706
ctrp_quizartinib,0.25347739962188787
ctrp_BRD-A02303741,0.2530379269752944
ctrp_KU-0063794,0.25261928497282
ctrp_salermide,0.2525475046686756
ctrp_curcumin,0.2517473254060939
ctrp_temozolomide,0.2511758314115328
ctrp_docetaxel,0.2506936447017854
gdsc_GSK690693,0.2503177185513818
ctrp_purmorphamine,0.24903195471907782
ctrp_NVP-BEZ235,0.24892971239947273
ctrp_niclosamide,0.24877064956038805
ctrp_simvastatin,0.24861956315127953
ctrp_PAC-1,0.24857801903276763
ctrp_BRD1812,0.24776940989682386
gdsc_WIKI4,0.24731115185649352
ctrp_TPCA-1,0.24722000210741446
ctrp_bleomycin A2,0.24659877517284565
gdsc_Belinostat,0.2462447335506344
ctrp_tamatinib,0.24580915331714487
ctrp_temsirolimus,0.2454377416883702
ctrp_tigecycline,0.2453159156776435
ctrp_AZD7762,0.24529276387692292
ctrp_FQI-1,0.24465910187628823
ctrp_nakiterpiosin,0.24420295140639256
ctrp_TG-101348,0.24419217986344974
ctrp_CHIR-99021,0.24388113715079063
ctrp_BRD-K41334119,0.24368959616338384
gdsc_Genentech Cpd 10,0.24364269448114617
ctrp_PF-750,0.24345422555851506
ctrp_prochlorperazine,0.24321219854548906
ctrp_ML320,0.24287357639329343
gdsc_CAY10603,0.24265177612007954
"ctrp_1S,3R-RSL-3",0.24231529539067195
gdsc_QL-X-138,0.24214880003876485
ctrp_PRIMA-1,0.239816261572139
ctrp_regorafenib,0.23974767084306167
gdsc_CX-5461,0.23896659130969977
ctrp_ML312,0.2382078017678434
ctrp_daporinad,0.2378567297669158
ctrp_AGK-2,0.23741244322551977
ctrp_cerulenin,0.23699108963476326
ctrp_MLN2480,0.2369752073121455
ctrp_BRD-K94991378,0.23664619793766503
ctrp_CHM-1,0.23641286230858966
ctrp_TW-37,0.23617824560904652
ctrp_narciclasine,0.23615781507685824
gdsc_Etoposide,0.23601320065252238
ctrp_methylstat,0.2354864758469312
ctrp_paclitaxel,0.23540095179798595
ctrp_ciclosporin,0.23526313105724142
ctrp_PRL-3 inhibitor I,0.23514228578610455
ctrp_piperlongumine,0.23498793184231462
ctrp_MK-1775,0.23434546799628347
ctrp_leptomycin B,0.23407221311715015
ctrp_ouabain,0.233855298065928
ctrp_Ko-143,0.23378201583288255
ctrp_ML210,0.23376289442701212
ctrp_WZ4002,0.2336672094273101
ctrp_palmostatin B,0.2335875607588647
ctrp_MK-0752,0.23320805290543672
ctrp_I-BET151,0.23315491952506204
ctrp_SCH-79797,0.23285102559704038
ctrp_dexamethasone,0.23284685338488267
ctrp_neopeltolide,0.23228990934622595
ctrp_CR-1-31B,0.23056353645465263
ctrp_CAY10594,0.23014580760809875
ctrp_WZ8040,0.22969679693161654
ctrp_phloretin,0.22952963572721102
ctrp_WP1130,0.22935907572641018
ctrp_JQ-1,0.22871363329027833
ctrp_SB-743921,0.2280075976539126
ctrp_GSK2636771,0.22750503713327005
ctrp_clofarabine,0.22717762779083253
ctrp_CI-976,0.22687427882012948
ctrp_BRD-K14844214,0.22678558017394965
ctrp_PHA-793887,0.22620354732486536
ctrp_NVP-BSK805,0.22602190241577413
ctrp_RAF265,0.22571368692130392
ctrp_AZ-3146,0.22403162966745457
ctrp_myricetin,0.2228904088400458
ctrp_obatoclax,0.22248057534877408
ctrp_BRD9876,0.2218769266308856
ctrp_EX-527,0.22183405539531864
ctrp_SR-II-138A,0.2217190087646448
ctrp_gemcitabine,0.22098166111752468
gdsc_QL-XII-47,0.21988032672626315
ctrp_UNC0321,0.21862063044646526
gdsc_CUDC-101,0.21739775669332154
ctrp_BRD4132,0.21578286351805936
ctrp_LE-135,0.21538206635726534
ctrp_sirolimus,0.21484692707847364
ctrp_oligomycin A,0.21482342153802425
ctrp_fulvestrant,0.21466217445353203
ctrp_QW-BI-011,0.21359427257534205
ctrp_alvocidib,0.21280320870877495
ctrp_BRD-K30748066,0.2113023804148719
ctrp_vandetanib,0.2109086559837952
ctrp_BRD-K01737880,0.20905168775102148
ctrp_bortezomib,0.20889486105613392
ctrp_KU 0060648,0.20864067374977313
ctrp_DBeQ,0.20304107794134485
ctrp_AZD8055,0.20302049374305678
ctrp_dinaciclib,0.1993430721549688
ctrp_SMER-3,0.19837573140903245
gdsc_THZ-2-102-1,0.19456971369685566
ctrp_SID 26681509,0.19206442244477687
ctrp_pevonedistat,0.1918403400542728
ctrp_lovastatin,0.18542336377845117
ctrp_BRD-K71935468,-0.170321182227074
ctrp_methotrexate,-0.1844629639384025
ccle_RAF265,-0.19053761161474084
ctrp_SNS-032,-0.1974000732570462
ctrp_BMS-345541,-0.20270971503144117
ccle_AEW541,-0.2063339108551808
ctrp_bosutinib,-0.2079429382263334
gdsc_Mitomycin-C,-0.20966331666471102
ctrp_BRD-K33514849,-0.2101282390803632
ctrp_StemRegenin 1,-0.21238381271960657
ctrp_HBX-41108,-0.21238969432737573
ctrp_BRD-K97651142,-0.2124815566043053
ctrp_SNX-2112,-0.2137949337395682
ccle_AZD0530,-0.21398174315884397
gdsc_Sepantronium bromide,-0.21678251512380825
ctrp_betulinic acid,-0.21889096081543608
gdsc_Nilotinib,-0.22044424966261214
ctrp_avicin D,-0.22156647501506166
ctrp_MLN2238,-0.22192813327798575
ccle_Paclitaxel,-0.22202257723468702
ctrp_nutlin-3,-0.2220394026815337
gdsc_IPA-3,-0.2227451535046091
ctrp_BRD-K63431240,-0.22318741164111605
ctrp_saracatinib,-0.22377869605177805
ccle_Sorafenib,-0.22530171736724386
ccle_Topotecan,-0.2255240129359429
ctrp_GW-405833,-0.22583447736501802
ctrp_BEC,-0.2270675005328191
gdsc_Doxorubicin,-0.22787880516230327
gdsc_Phenformin,-0.22861450938792896
ctrp_GSK525762A,-0.2288666254196189
ctrp_brefeldin A,-0.22890577509704502
ctrp_pyrazolanthrone,-0.2296806118271289
ctrp_triptolide,-0.22998568810165457
ctrp_BRD-K48477130,-0.23174585316371207
gdsc_JQ1,-0.23427586538578246
ctrp_selumetinib,-0.23491457129912321
ctrp_BRD-K55116708,-0.23681103546886603
ctrp_VU0155056,-0.23788194707875635
ctrp_masitinib,-0.2379866429254709
ctrp_GSK-J4,-0.23835290378494886
ctrp_canertinib,-0.23869506754193567
ctrp_tosedostat,-0.2405553049607379
ctrp_valdecoxib,-0.24056088251643737
ctrp_parthenolide,-0.24067193515762808
ctrp_BRD-K09344309,-0.24143095897766692
ccle_TKI258,-0.24245281681867206
ccle_ZD-6474,-0.2431242864069227
ctrp_neratinib,-0.24321586084808117
ctrp_bafilomycin A1,-0.24329112780781442
ctrp_VER-155008,-0.24336335211309032
gdsc_Vinorelbine,-0.24425849793385657
gdsc_SNX-2112,-0.24528401928895768
ctrp_COL-3,-0.2463691367848613
ctrp_KHS101,-0.24653456093392284
ctrp_gefitinib,-0.24679654559817735
gdsc_SB590885,-0.24743003636769642
gdsc_DMOG,-0.24859212469354827
ctrp_BRD-K71781559,-0.24864014065986867
ctrp_veliparib,-0.25050374426735045
ctrp_SCH-529074,-0.25051035482541373
ccle_17-AAG,-0.2507668382907869
ctrp_AZD7545,-0.2528410341876071
ctrp_spautin-1,-0.2531593867980219
ctrp_marinopyrrole A,-0.25417089310718
gdsc_Dacinostat,-0.2562296243439669
ctrp_BRD-A94377914,-0.2562341650690926
ctrp_BRD8958,-0.256615298451483
ctrp_nelarabine,-0.25715019370732456
ctrp_SJ-172550,-0.25715398579561843
ctrp_ML258,-0.2577386871654982
gdsc_XMD8-92,-0.2580572466486621
ccle_TAE684,-0.2580782431755824
ctrp_BRD-A05715709,-0.26015403956937055
gdsc_Imatinib,-0.26123050391654357
ctrp_Merck60,-0.26175747295474966
ctrp_BRD-K48334597,-0.2625173327101233
ccle_PD-0325901,-0.2628707654572397
ctrp_C6-ceramide,-0.2632759157989386
gdsc_Lestauritinib,-0.2632790285676276
ccle_Lapatinib,-0.26350530749271006
ctrp_CID-5951923,-0.26368756808770377
ctrp_AT13387,-0.2645641744204354
ctrp_austocystin D,-0.264886884920072
gdsc_Methotrexate,-0.26499008756127995
gdsc_BX796,-0.26551544044533665
ctrp_tanespimycin,-0.26561600511604766
gdsc_THZ-2-49,-0.26682823161890395
ctrp_WAY-362450,-0.2673578533382173
ctrp_fumonisin B1,-0.26746195739394213
gdsc_PFI-1,-0.2676829694725277
gdsc_Gemcitabine,-0.26809952954842226
ctrp_OSI-930,-0.26884978054769704
gdsc_Shikonin,-0.2703222760960122
ctrp_ciclopirox,-0.2703693316314182
ctrp_BCL-LZH-4,-0.27061388271875886
ctrp_cyanoquinoline 11,-0.2707037531399174
gdsc_WZ3105,-0.27078101456640763
ccle_Erlotinib,-0.27199371008459006
gdsc_Seliciclib,-0.272478525261754
ctrp_BRD-A86708339,-0.2748631657805022
ctrp_BRD-K50799972,-0.2755586319007608
gdsc_BAY-61-3606,-0.27570359425410795
gdsc_NG-25,-0.27594963686643864
gdsc_Vinblastine,-0.2764690932993734
ctrp_NPC-26,-0.2764742249736742
ctrp_A-804598,-0.276490703730705
gdsc_Epothilone B,-0.27663958490743223
gdsc_Omipalisib,-0.27689814117689404
gdsc_5-Fluorouracil,-0.2776709611883402
ccle_Nutlin-3,-0.27790351955920656
ctrp_ifosfamide,-0.27828314119621433
ctrp_AA-COCF3,-0.27903403624277323
gdsc_CP466722,-0.279732582977328
ctrp_neuronal differentiation inducer III,-0.2797503293152028
ctrp_fluorouracil,-0.28022986236646846
ccle_L-685458,-0.28074334745211926
gdsc_AT-7519,-0.2809099689581102
ccle_PD-0332991,-0.2811180451605429
gdsc_GW843682X,-0.281590582510143
ctrp_MI-2,-0.2821909551578417
ctrp_GDC-0879,-0.28340381861618935
ccle_PLX4720,-0.2839025318990463
ctrp_BRD-K64610608,-0.28416024061113176
ctrp_crizotinib,-0.2848021284079952
gdsc_KIN001-244,-0.2850085148403576
ctrp_PD318088,-0.28531705868255264
ctrp_BRD-K04800985,-0.2867990191693528
gdsc_Erlotinib,-0.28751101954601116
gdsc_AZD7762,-0.2876952627835187
gdsc_OSU-03012,-0.2897251213674343
ctrp_hyperforin,-0.28990881552915476
ctrp_entinostat,-0.28996673325068745
ctrp_dasatinib,-0.29037341523716464
gdsc_TL-1-85,-0.29049336905629514
ctrp_erismodegib,-0.2905164949275427
gdsc_Elesclomol,-0.29053907169474946
gdsc_PIK-93,-0.29063936861879025
ctrp_GSK4112,-0.2909918029381576
ctrp_MI-1,-0.291127349647543
ctrp_linifanib,-0.29117067442565264
ccle_AZD6244,-0.2920175126837456
ctrp_lapatinib,-0.29231358906706195
ccle_PHA-665752,-0.2924465758914275
ctrp_ML334 diastereomer,-0.2926869600060478
ctrp_trametinib,-0.2928560940538832
ccle_PF2341066,-0.29369210676179053
ctrp_afatinib,-0.29380852721255785
gdsc_JQ12,-0.29575752788712134
ccle_Irinotecan,-0.2963058137360798
gdsc_BI-2536,-0.2971408970607552
gdsc_GSK650394,-0.2972751897304995
ctrp_ML029,-0.29739962464698033
gdsc_YK-4-279,-0.29758498431418734
ctrp_nilotinib,-0.2982898338287049
ctrp_SR8278,-0.29890044750515676
ctrp_BRD-K27986637,-0.30043467212490527
gdsc_I-BET-762,-0.3004406638795535
ctrp_IPR-456,-0.3006218940258545
gdsc_Docetaxel,-0.3008545965386227
ctrp_L-685458,-0.3022621034268297
ctrp_procarbazine,-0.3037693426312002
gdsc_Fedratinib,-0.3045089912899357
ctrp_decitabine,-0.3047724597023754
ctrp_etomoxir,-0.30534648763541006
gdsc_Pyrimethamine,-0.3055250491784037
gdsc_Palbociclib,-0.30620480529355276
ctrp_trifluoperazine,-0.30662577029470245
gdsc_Zibotentan,-0.3070737656752821
ctrp_vorinostat,-0.3072053988056741
ctrp_istradefylline,-0.30779197820873433
gdsc_S-Trityl-L-cysteine,-0.30791318392661116
gdsc_Lapatinib,-0.30794574731981955
ctrp_abiraterone,-0.30838692440350957
ctrp_azacitidine,-0.31037773576136457
ctrp_IC-87114,-0.31164410664080905
gdsc_Thapsigargin,-0.31288409440829973
ctrp_PD 153035,-0.31484037530867864
gdsc_CCT-018159,-0.31516818735283064
ctrp_isonicotinohydroxamic acid,-0.3154522970043857
gdsc_AZD8055,-0.3161131747841297
gdsc_SGC0946,-0.31663215078279916
ctrp_VAF-347,-0.3173156786472848
gdsc_AS605240,-0.31752897816222664
gdsc_BMS-345541,-0.318546240230656
ctrp_PF-543,-0.31988731069770665
ccle_LBW242,-0.3214072561092126
ctrp_CBB-1007,-0.3215741115333791
ctrp_BRD-K19103580,-0.32181410427064644
gdsc_Dactolisib,-0.3221291632673045
ctrp_ruxolitinib,-0.3223081704892782
gdsc_(5Z)-7-Oxozeaenol,-0.322346223054811
gdsc_Pictilisib,-0.32300092379555145
gdsc_PHA-793887,-0.3231584625413738
gdsc_Paclitaxel,-0.32446693173195873
ctrp_BRD-K33199242,-0.32477907140721635
gdsc_GSK269962A,-0.3248541665761137
gdsc_Embelin,-0.32506522186908965
gdsc_A-443654,-0.32620019559265634
gdsc_Cytarabine,-0.32704696377672904
ctrp_BRD9647,-0.32715079444690953
gdsc_ZSTK474,-0.32776833308201064
ctrp_FSC231,-0.3277750094305607
ctrp_BRD-K41597374,-0.32800407080614047
ctrp_BRD-K09587429,-0.3292958571992093
gdsc_Saracatinib,-0.3294182713003803
gdsc_Serdemetan,-0.3298002882360896
gdsc_Bleomycin,-0.329921662144126
gdsc_Luminespib,-0.33097423366437984
gdsc_PF-562271,-0.331115393372104
gdsc_Salubrinal,-0.3318600298157827
ctrp_erlotinib,-0.3341433375236741
ctrp_Repligen 136,-0.3368857326982465
ctrp_RITA,-0.3375266324662913
gdsc_Midostaurin,-0.3387063451688352
gdsc_Obatoclax Mesylate,-0.3388568092895678
ctrp_ibrutinib,-0.3399553668788686
gdsc_Bleomycin (50 uM),-0.34010314453916923
gdsc_AICA Ribonucleotide,-0.3405380724567711
ctrp_BRD-K52037352,-0.34181484483393026
gdsc_Ponatinib,-0.3438938331810996
gdsc_XMD11-85h,-0.3456204815320389
gdsc_Tipifarnib,-0.3462179666590246
gdsc_JNK-9L,-0.34643908732436685
gdsc_FH535,-0.34951170941419196
ctrp_imatinib,-0.35005864863111846
gdsc_WH-4-023,-0.35216853805731574
gdsc_PD0325901,-0.3527871733244442
ccle_Nilotinib,-0.35427142941463674
gdsc_QL-VIII-58,-0.35538859305048903
gdsc_MK-2206,-0.35542615249676696
gdsc_UNC1215,-0.3557746069788742
gdsc_Enzastaurin,-0.35587710064015626
gdsc_Refametinib,-0.35663208374754257
gdsc_TGX221,-0.35797909893603075
gdsc_Piperlongumine,-0.36110738280032656
ctrp_BRD-K29313308,-0.3630615385793274
gdsc_OSI-930,-0.36337884990359104
gdsc_AS601245,-0.36416712299828374
gdsc_LFM-A13,-0.3674198542238454
gdsc_CMK,-0.3677179932596365
ctrp_O-6-benzylguanine,-0.3682711429443825
ccle_Panobinostat,-0.36910661741103284
ctrp_birinapant,-0.3695609955506304
gdsc_TPCA-1,-0.3703858084404124
ctrp_zebularine,-0.370664159988752
gdsc_HG6-64-1,-0.37136863048328483
gdsc_MG-132,-0.37332593368824357
gdsc_Trametinib,-0.373485848212435
gdsc_SL0101,-0.3737526724254429
gdsc_XMD8-85,-0.37618327118081607
gdsc_KIN001-266,-0.3781041069781089
gdsc_EHT-1864,-0.3813254390732319
gdsc_A-770041,-0.38199139075516597
gdsc_Pevonedistat,-0.3848514487051669
gdsc_AKT inhibitor VIII,-0.38506359604393264
ctrp_sotrastaurin,-0.3879712057343727
gdsc_Bicalutamide,-0.388015008776215
gdsc_BMS-509744,-0.3892011169546674
gdsc_Lenalidomide,-0.3919226578794826
gdsc_STF-62247,-0.39323901294404384
gdsc_Selisistat,-0.3943237026057291
gdsc_Dasatinib,-0.39498409488778485
gdsc_BMS-536924,-0.39535040844902036
gdsc_Avagacestat,-0.39571141382521247
gdsc_NVP-BHG712,-0.39985643143926364
gdsc_Tamoxifen,-0.40035113549768364
ctrp_dabrafenib,-0.4021140467680118
gdsc_PF-4708671,-0.402211625967363
gdsc_Temozolomide,-0.4032580639241752
gdsc_NU7441,-0.40530375776490685
gdsc_KU-55933,-0.40873530219267246
gdsc_CHIR-99021,-0.4094330981534512
gdsc_GSK1904529A,-0.4097032150353941
gdsc_Sunitinib,-0.41102210315913384
gdsc_XMD15-27,-0.41182520079072454
gdsc_FMK,-0.412530741301534
gdsc_Doramapimod,-0.41435170538425375
gdsc_Cabozantinib,-0.41482219974004986
gdsc_CCT007093,-0.41644563021251035
gdsc_Masitinib,-0.41763704095621645
gdsc_Veliparib,-0.4205659554670711
gdsc_CGP-60474,-0.4216423495550108
gdsc_CI-1040,-0.42278874637784164
gdsc_FR-180204,-0.42328323401325674
gdsc_Bortezomib,-0.42373645318753617
gdsc_Temsirolimus,-0.4239900131913453
gdsc_KIN001-236,-0.42617227961059956
gdsc_TAK-715,-0.42886171247393207
gdsc_NVP-TAE684,-0.43030349440601573
gdsc_CGP-082996,-0.43126689497836446
gdsc_SB216763,-0.4389423571071568
gdsc_HG-5-88-01,-0.440915338302122
gdsc_Bexarotene,-0.4412164213013522
gdsc_FTI-277,-0.4412216213037584
gdsc_Vismodegib,-0.44169878291897846
gdsc_JNK Inhibitor VIII,-0.44432677379215246
gdsc_Tozasertib,-0.4445251216290714
gdsc_WHI-P97,-0.4451283252666076
gdsc_AZD6482,-0.4468375723321758
gdsc_JW-7-52-1,-0.44895312778360774
gdsc_XMD14-99,-0.4510975735674969
gdsc_XAV939,-0.45177712910476303
gdsc_BIX02189,-0.4518525265162027
gdsc_Tanespimycin,-0.4541487162049387
gdsc_Z-LLNle-CHO,-0.4655186744140902
gdsc_RO-3306,-0.4665968676207517
gdsc_Bryostatin 1,-0.47137415501564983
gdsc_PLX-4720,-0.4736715587368427
gdsc_Pazopanib,-0.4752425595967329
gdsc_CP724714,-0.4793152429975013
gdsc_Rapamycin,-0.47996730998431464
gdsc_681640,-0.4828844771184885
gdsc_Parthenolide,-0.4896431985842247
gdsc_PAC-1,-0.49482616791222256
gdsc_IOX2,-0.4966819202675944
gdsc_Tivozanib,-0.4997367387742701
gdsc_Bosutinib,-0.5014763330684912
gdsc_Sorafenib,-0.5095313442548475
gdsc_QS11,-0.5129941768633804
gdsc_Pelitinib,-0.5183024934654287
gdsc_Gefitinib,-0.5223582640707649
gdsc_T0901317,-0.5291752374442321
gdsc_Idelalisib,-0.5384247867250417
gdsc_Dabrafenib,-0.5423656677672252
gdsc_AZ628,-0.5426365658836197
gdsc_GNF-2,-0.5463027507842867
gdsc_Nutlin-3a (-),-0.5502643366161799
gdsc_KIN001-260,-0.55661277669867
gdsc_Selumetinib,-0.5566144694942416
gdsc_WZ-1-84,-0.5586684479753175
gdsc_Y-39983,-0.5615398812759115
gdsc_QL-XI-92,-0.5618460611651648
gdsc_Cyclopamine,-0.5655736230634489
gdsc_QL-XII-61,-0.5698800231572648
gdsc_GW441756,-0.5704833029772867
gdsc_rTRAIL,-0.5712463646802077
gdsc_VX-11e,-0.5785874230322835
gdsc_Motesanib,-0.5788836269456412
gdsc_Tretinoin,-0.5904465460618032
gdsc_Afatinib,-0.5923967811354902
gdsc_PD173074,-0.59839522364282
gdsc_VNLG/124,-0.6011031454938918
gdsc_Crizotinib,-0.6075290469335186
gdsc_PHA-665752,-0.6081449659086029
gdsc_Cetuximab,-0.61478576024607
gdsc_Quizartinib,-0.6501167504627879
gdsc_Ruxolitinib,-0.6504852345776144
gdsc_Alectinib,-0.6749448856783051
gdsc_Linifanib,-0.7018593292826374
